,name,혼자,액티비티,자연,힐링
0,24시 마린낚시(전곡항 24 마린낚시),0.5193687707185746,0.6018974512815476,0.6298009037971497,0.6551029503345489
1,EVO수영장,0.42025232315063477,0.47926214933395384,0.48009926080703735,0.4792444407939911
2,K-26,0.5210290074348449,0.6231704354286194,0.6357691258192062,0.6517827272415161
3,K3바다낚시터,0.4323989063501358,0.5529854834079743,0.5417237997055053,0.5230419725179672
4,M1971요트투어,0.5658293336629867,0.7227412760257721,0.6855862319469452,0.6158756136894226
5,가평빠지 클럽비발디 수상레저,0.5468679279088974,0.7129718422889709,0.686603182554245,0.6489818215370178
6,강화도 황청낚시터,0.48614229559898375,0.5786508560180664,0.5859812557697296,0.6054955363273621
7,거청낚시터,0.48207612548555645,0.5575539129120963,0.584902788911547,0.6678867893559592
8,고덕사회체육센터(실내수영장),0.606103777885437,0.682678759098053,0.7227784991264343,0.651722232500712
9,골든블루마리나,0.5684111833572387,0.712893295288086,0.6817594945430756,0.6319564700126648
10,과림낚시터,0.35117521584033967,0.43412488996982573,0.43536643385887147,0.5287389665842056
11,광탄낚시레저타운,0.27828994393348694,0.41312408447265625,0.3921247720718384,0.48758891224861145
12,귀덕바다투명카약,0.5963556051254273,0.6982508957386017,0.6926464736461639,0.6583604454994202
13,그랜드 워커힐 리버파크(야외수영장),0.5708470553159714,0.6281513392925262,0.6664072453975678,0.7314463198184967
14,금원수목원수영장,0.5934991061687469,0.7081815123558044,0.7011316478252411,0.6852879703044892
15,길명낚시공원,0.5297196567058563,0.5843274414539337,0.6327946782112122,0.7171175986528396
16,길정 낚시터,0.5861838221549988,0.6873477339744568,0.7105170965194703,0.7082839727401733
17,김녕요트투어,0.5758652031421662,0.7204540312290192,0.6872945368289948,0.6284545123577118
18,김포스포츠센터(실내수영장),0.5413117825984954,0.6706295073032379,0.6692616105079651,0.616767480969429
19,난지한강공원물놀이장,0.517254963517189,0.6859431445598603,0.6709758460521698,0.6449959695339202
20,남창낚시터(남창지),0.18987446278333664,0.2649867832660675,0.24256332218647003,0.2600579932332039
21,남한강수상스키장,0.6062797904014587,0.7465407848358154,0.7150731086730957,0.66788649559021
22,노진낚시터,0.27828994393348694,0.41312408447265625,0.3921247720718384,0.48758891224861145
23,다이브라이프,0.5590848177671432,0.6971830248832702,0.6584883749485015,0.6331850409507751
24,대동 낚시터,0.4782504469156265,0.5852924168109894,0.6105790317058564,0.6516429513692856
25,대석낚시터,0.4230461631502424,0.5108644706862313,0.5212669244834355,0.551218718290329
26,더 초리골,0.5512044817209244,0.6978883981704712,0.668530398607254,0.6232669532299042
27,더시크릿수상레저,0.37593068927526474,0.47821104526519775,0.4614982008934021,0.5129190236330032
28,덕봉낚시터,0.5733800679445267,0.6042201280593872,0.626981109380722,0.6782291889190674
29,덕송지 수상 풍차 낚시터,0.5891500115394592,0.7531231045722961,0.6888710856437683,0.6477640271186829
30,도농한강공원물놀이장,0.6550395488739014,0.7202715277671814,0.685346245765686,0.6432026028633118
31,도시바다낚시터,0.3836792955795924,0.5324705143769582,0.5037264823913574,0.5249140709638596
32,독도 바다낚시터,0.39499403834342955,0.49040872752666476,0.49654717445373536,0.5503881305456162
33,돌고래수상리조트,0.577618482708931,0.707428902387619,0.6758992612361908,0.6489682793617249
34,동검레저바다낚시,0.5098679333925247,0.6417497128248215,0.6323063790798187,0.5992983698844909
35,등대바다낚시터,0.38964633146921795,0.48823346694310504,0.5070902307828268,0.6141982475916544
36,레인보우 서프,0.5427924871444703,0.7206671714782715,0.6760031938552856,0.6106542229652405
37,롱비치 서프스쿨,0.576287466287613,0.7124110400676728,0.6778271853923797,0.628822261095047
38,리버포인트 수상레저,0.5370389938354492,0.6959373772144317,0.6468272507190704,0.620471453666687
39,마정 낚시터 (마정지 낚시터),0.43142589264445835,0.5415993730227152,0.5441134803824954,0.6168686317072974
40,만정민트바다낚시터,0.3225752115249634,0.41035049302237375,0.4168768439974104,0.4942235308034079
41,만정바다좌대낚시터,0.3836792955795924,0.5324705143769582,0.5037264823913574,0.5249140709638596
42,만정사계절바다낚시터,0.4840205550193787,0.583244127035141,0.585557895898819,0.6233810424804688
43,말봉바다낚시터,0.5118787884712219,0.6425541460514068,0.6270557016134262,0.6136261940002441
44,문서프,0.5625127732753754,0.7097078144550324,0.6647864937782287,0.606675672531128
45,미란다 스파플러스,0.5756521105766297,0.7212463617324829,0.6827551484107971,0.6218423247337341
46,바하마수상레포츠,0.4958926737308502,0.6966764211654664,0.6212792217731475,0.5873768150806427
47,배다골테마파크수영장,0.5592010468244553,0.7153024077415466,0.6931357026100159,0.6354869186878205
48,보성비봉마리나,0.5525160564316643,0.6721314456727769,0.6619594891866049,0.6583441926373376
49,봉재낚시터,0.403625613451004,0.5208063125610352,0.5146180510520935,0.5676759332418442
50,부산요트투어 3355마린,0.5727128863334656,0.7054088473320007,0.6741324067115784,0.6277593612670899
51,북한산천연옥워터파크,0.5479324966669082,0.7092095971107483,0.6628443837165833,0.6044192612171173
52,빠지에빠지다수상레저,0.5402261912822723,0.6994536638259887,0.6748559296131134,0.6306602001190186
53,삼막곡낚시터,0.6123591065406799,0.6384522318840027,0.7370211482048035,0.8674169182777405
54,삼인낚시터,0.4260305345058441,0.4966514229774475,0.5043665647506714,0.5206265985965729
55,상덕낚시터,0.5728692412376404,0.6415175100167593,0.6635339260101318,0.7255698144435883
56,상상낚시터,0.4503647446632385,0.5964459419250489,0.5608692467212677,0.5151995420455933
57,서귀포홍리실내수영장,0.5776665091514588,0.6753262162208558,0.6858692824840545,0.6598834097385406
58,서대문문화체육회관 실내수영장,0.5191815346479416,0.6196875751018525,0.6276049196720124,0.614155626296997
59,서핑라이더 분당점,0.5421570360660553,0.7112454056739808,0.6630856037139893,0.6112000942230225
60,선두바다낚시터,0.4320709377527237,0.5843342125415802,0.5509731650352478,0.5095540553331375
61,선재바다낚시공원,0.5441481441259384,0.6466323256492614,0.6454254865646363,0.6380410522222519
62,섬진강 래프팅 투어,0.33236217498779297,0.30572253465652466,0.273792564868927,0.3422926664352417
63,세재골농원,0.4324455112218857,0.5077838063240051,0.5205443739891052,0.5686019480228424
64,소래바다낚시터,0.406935003068712,0.5028663674990336,0.519694877995385,0.6137205759684244
65,속초코마린요트공원,0.5806230306625366,0.713478970527649,0.6799477934837341,0.6388341009616851
66,솟골낚시터,0.2784162958463033,0.3389577269554138,0.336144616206487,0.40037230650583905
67,수상레저V,0.5439922451972962,0.7031759738922119,0.6559827864170075,0.6122788071632386
68,스타바다좌대낚시터,0.488911971449852,0.5918412581086159,0.5700076594948769,0.5758564211428165
69,신석스포렉스수영장,0.5608658790588379,0.6681819707155228,0.6587281733751297,0.6111618757247925
70,신암낚시터,0.4662782371044159,0.5374844700098038,0.5750280678272247,0.6556991547346115
71,신흥바다낚시공원,0.5490523934364319,0.6948969960212708,0.6636817693710327,0.5924423098564148
72,쌍방죽낚시터,0.37221561670303344,0.4116665482521057,0.42189871072769164,0.45691111087799074
73,아리수수상레저,0.5602841973304749,0.7100825130939483,0.6569223403930664,0.6220699906349182
74,양주유수풀파크&바베큐장,0.5002224504947662,0.6083366870880127,0.6131761252880097,0.5893638670444489
75,양촌성구랜드,0.27828994393348694,0.41312408447265625,0.3921247720718384,0.48758891224861145
76,어심바다낚시터,0.4723680138587952,0.5405128180980683,0.5662538409233093,0.578373059630394
77,에이알서프,0.5463533997535706,0.7019025683403015,0.6666929066181183,0.617636638879776
78,엠엘피서프(엠엘피서핑),0.519355508685112,0.7112026333808898,0.6506812632083893,0.6176918923854828
79,여수 아그리나 요트투어,0.5643971920013428,0.7031788945198059,0.6632575213909149,0.6135809063911438
80,여주시 수상센터,0.5146913528442383,0.6859614849090576,0.6445789337158203,0.607264518737793
81,역삼청소년수련관(실내수영장),0.44532452523708344,0.5257881581783295,0.5645729601383209,0.677502915263176
82,예당저수지(예당관광지),0.5471077412366867,0.6096283346414566,0.6284249946475029,0.6086717545986176
83,오동나무수상레저,0.4718773365020752,0.6257050633430481,0.5745604634284973,0.5450736284255981
84,오류내낚시터,0.753913402557373,0.6738619208335876,0.6864655017852783,0.7282716035842896
85,오목 낚시터(신창 오목 낚시터),0.422555406888326,0.5074937542279562,0.5114458501338959,0.5517035921414694
86,오션브리즈요트,0.5878283262252808,0.7274102747440339,0.6961885571479798,0.6419270098209381
87,오션차일드 발산센터,0.43496209681034087,0.5514293819665909,0.5497434109449386,0.5781629383563995
88,오태지,0.6106241941452026,0.6757288575172424,0.6422111988067627,0.5990921854972839
89,왕산요트경기장,0.30795537148203167,0.3957239730017526,0.3587467883314405,0.4234835760934012
90,용담바다낚시터,0.4595478743314743,0.5597299546003341,0.5640985935926437,0.6230124861001969
91,용인수상스키장,0.4123969733715057,0.4764925897121429,0.5022341430187225,0.49698111414909363
92,우금낚시공원,0.40628248878887724,0.514282056263515,0.5187109793935504,0.5917137307780129
93,울산중구도시관리공단수영장,0.6192046523094177,0.7115619122982025,0.7370723068714142,0.7074537873268127
94,위도바다낚시,0.4210507273674011,0.3823840022087097,0.4061354398727417,0.4475248157978058
95,유성호텔 실내수영장,0.28272154927253723,0.3422369956970215,0.31338173151016235,0.3960307240486145
96,음성용대리낚시터(용대리가든낚시터),0.6052633970975876,0.6913633048534393,0.6666862219572067,0.7004374563694
97,인산낚시터,0.5393306076526642,0.6624249815940857,0.6456711232662201,0.6343776106834411
98,인천락실내바다낚시터,0.5582237988710403,0.6724848568439483,0.6482460737228394,0.612024673819542
99,일영한씨네,0.568112713098526,0.7128717541694641,0.683551961183548,0.6325431048870087
100,장광낚시터,0.5878545939922333,0.6817663013935089,0.6971253156661987,0.7265712022781372
101,장수논개수상레저,0.48021000921726226,0.6236898720264434,0.5987973749637604,0.5869247436523437
102,장호어촌체험마을 투명카누,0.5422262042760849,0.6992494642734528,0.6745407283306122,0.6106313645839692
103,정성레저낚시터,0.48099602460861207,0.5927347958087921,0.5935193657875061,0.6408259898424149
104,조부장 바다낚시터,0.43012740314006803,0.5892602622509002,0.5617056429386139,0.5634567230939865
105,주봉낚시터,0.3456520438194275,0.36854430437088015,0.3710218906402588,0.38058515191078185
106,주전항,0.33023354411125183,0.37209731340408325,0.37582865357398987,0.3339681029319763
107,차귀도요트,0.5703043758869171,0.7104723155498505,0.6750152170658111,0.6016005575656891
108,청아투명카약,0.5576787859201431,0.7120888888835907,0.6650228798389435,0.6207946240901947
109,충주 포세이돈 수상레저(포세이돈수상스키장),0.5270871341228485,0.6599649667739869,0.6439782917499542,0.6219053089618682
110,칠봉산 낚시터,0.5757269620895386,0.6265003979206085,0.6350696921348572,0.6458133429288864
111,키즈돌핀 서대문DMC점,0.5325370818376541,0.6285546362400055,0.6207284599542617,0.5963963299989701
112,키튼드림센터,0.4844319820404053,0.5449823141098022,0.5597020864486695,0.5955333143472672
113,킹카누 나루터,0.5619556576013565,0.7137377440929413,0.6758245944976806,0.6134595751762391
114,탄천종합운동장 수영장,0.5277009725570678,0.5718481659889221,0.5977146446704864,0.5861111640930176
115,탑코리아수상레저,0.4976050754388173,0.6409421761830648,0.6090982556343079,0.5728057424227396
116,태용래프팅,0.735641360282898,0.5133540630340576,0.6009807586669922,0.6326317191123962
117,포세이돈마린레저,0.5553213119506836,0.6957634150981903,0.6652401924133301,0.6248423635959626
118,플로우하우스 용인,0.5473852753639221,0.6876043915748596,0.65497185587883,0.6092870950698852
119,핀스파크지천점,0.5656152456998825,0.6988512694835662,0.6685889899730683,0.6280683934688568
120,하늘바다낚시터,0.5603099644184113,0.6420338332653046,0.6395816802978516,0.60494284927845
121,학생문화센터 수영장,0.5453917920589447,0.6467328011989594,0.6309314787387847,0.58158740401268
122,한강세븐수상레저,0.38829992339015007,0.4962460994720459,0.49042752385139465,0.5602210313081741
123,한강시민공원삼패지구물놀이장,0.5392512738704681,0.6278405904769897,0.6582526326179504,0.6873914778232575
124,함동수상레저타운,0.5286616086959839,0.7070802271366119,0.66510568857193,0.6073149025440217
125,함평엑스포공원 물놀이장,0.605874416232109,0.715492433309555,0.7173694193363189,0.6697236061096191
126,현대요트 서울지점,0.5476463526487351,0.7091863989830017,0.6622354507446289,0.6219348609447479
127,현대요트 인천,0.5729473263025284,0.7287001430988311,0.6924652814865112,0.646354591846466
128,홍양저수지(빼뽀저수지),0.5634434968233109,0.6709339916706085,0.6361982703208924,0.6275795578956604
129,화도낚시공원,0.49134653210639956,0.5391543209552765,0.576727420091629,0.6133102118968964
130,화성해양아카데미연구회,0.6123591065406799,0.6384522318840027,0.7370211482048035,0.8674169182777405
131,히든밸리송추,0.551545986533165,0.7076480388641357,0.6618249535560607,0.6144935131072998
132,히트 실내 바다낚시터,0.5061130151152611,0.6545665949583054,0.6351361244916915,0.6136869311332702
