,Unnamed: 0_x,name,혼자,액티비티,자연,힐링,Unnamed: 0_y,addr1,cat1,cat2,cat3,힐링_int,혼자_int,자연_int,액티비티_int,province,city
0,0,24시 마린낚시(전곡항 24 마린낚시),0.5193687707185746,0.6018974512815476,0.6298009037971497,0.6551029503345489,0,경기도 화성시 서신면 전곡항로 317,A03,A0303,A03030600,0,0,0,0,경기도,화성시
1,1,EVO수영장,0.4202523231506347,0.4792621493339538,0.4800992608070373,0.4792444407939911,1,경기도 안산시 단원구 초지동,A03,A0303,A03030700,1,0,1,1,경기도,안산시
2,2,K-26,0.5210290074348449,0.6231704354286194,0.6357691258192062,0.6517827272415161,2,경기도 가평군 청평면 고재길 262-57,A03,A0303,A03030400,0,0,1,0,경기도,가평군
3,3,K3바다낚시터,0.4323989063501358,0.5529854834079743,0.5417237997055053,0.5230419725179672,3,경기도 안산시 단원구 작은상재미길 86,A03,A0303,A03030600,0,0,0,0,경기도,안산시
4,4,M1971요트투어,0.5658293336629867,0.7227412760257721,0.6855862319469452,0.6158756136894226,4,제주특별자치도 서귀포시 대정읍 하모리 646-20,A03,A0303,A03030300,1,0,1,0,제주특별자치도,서귀포시
5,5,가평빠지 클럽비발디 수상레저,0.5468679279088974,0.7129718422889709,0.686603182554245,0.6489818215370178,5,경기도 가평군 가평읍 금대리,A03,A0303,A03030700,0,0,0,0,경기도,가평군
6,6,강화도 황청낚시터,0.4861422955989837,0.5786508560180664,0.5859812557697296,0.6054955363273621,6,인천광역시 강화군 내가면 황청포구로443번길 82,A03,A0303,A03030500,0,0,0,0,인천광역시,강화군
7,7,거청낚시터,0.4820761254855564,0.5575539129120963,0.584902788911547,0.6678867893559592,7,경기도 안성시 대덕면 배꽃길 16,A03,A0303,A03030500,0,0,0,0,경기도,안성시
8,8,고덕사회체육센터(실내수영장),0.606103777885437,0.682678759098053,0.7227784991264343,0.651722232500712,8,서울특별시 강동구 구천면로93길 12,A03,A0303,A03030700,1,0,0,1,서울특별시,강동구
9,9,골든블루마리나,0.5684111833572387,0.712893295288086,0.6817594945430756,0.6319564700126648,9,서울특별시 서초구 올림픽대로 2085-14,A03,A0303,A03030300,0,0,1,1,서울특별시,서초구
10,10,과림낚시터,0.3511752158403396,0.4341248899698257,0.4353664338588714,0.5287389665842056,10,경기도 시흥시 과림저수지길 79,A03,A0303,A03030500,0,0,0,0,경기도,시흥시
11,11,광탄낚시레저타운,0.2782899439334869,0.4131240844726562,0.3921247720718384,0.4875889122486114,11,경기도 파주시 광탄면 부흥로 194-42,A03,A0303,A03030500,0,0,0,0,경기도,파주시
12,12,귀덕바다투명카약,0.5963556051254273,0.6982508957386017,0.6926464736461639,0.6583604454994202,12,제주특별자치도 제주시 한림읍 귀덕9길 4,A03,A0303,A03030200,1,0,1,0,제주특별자치도,제주시
13,13,그랜드 워커힐 리버파크(야외수영장),0.5708470553159714,0.6281513392925262,0.6664072453975678,0.7314463198184967,13,서울특별시 광진구 워커힐로 177,A03,A0303,A03030700,0,0,0,0,서울특별시,광진구
14,14,금원수목원수영장,0.5934991061687469,0.7081815123558044,0.7011316478252411,0.6852879703044892,14,경기도 광주시 남종면 삼성리,A03,A0303,A03030700,0,0,1,0,경기도,광주시
15,15,길명낚시공원,0.5297196567058563,0.5843274414539337,0.6327946782112122,0.7171175986528396,15,경기도 포천시 일동면 영일로 316,A03,A0303,A03030500,0,0,0,0,경기도,포천시
16,16,길정 낚시터,0.5861838221549988,0.6873477339744568,0.7105170965194703,0.7082839727401733,16,인천광역시 강화군 양도면 고려왕릉로 209,A03,A0303,A03030500,0,0,0,0,인천광역시,강화군
17,17,김녕요트투어,0.5758652031421662,0.7204540312290192,0.6872945368289948,0.6284545123577118,17,제주특별자치도 제주시 구좌읍 구좌해안로 229-16,A03,A0303,A03030300,1,0,1,1,제주특별자치도,제주시
18,18,김포스포츠센터(실내수영장),0.5413117825984954,0.6706295073032379,0.6692616105079651,0.616767480969429,18,경기도 김포시 봉화로181번길 31-20,A03,A0303,A03030700,0,0,0,0,경기도,김포시
19,19,난지한강공원물놀이장,0.517254963517189,0.6859431445598603,0.6709758460521698,0.6449959695339202,19,서울특별시 마포구 한강난지로 162 (상암동),A03,A0303,A03030700,0,0,1,0,서울특별시,마포구
20,20,남창낚시터(남창지),0.1898744627833366,0.2649867832660675,0.24256332218647,0.2600579932332039,20,충청남도 천안시 서북구 성거읍 보명사길 62,A03,A0303,A03030500,0,0,0,0,충청남도,천안시
21,21,남한강수상스키장,0.6062797904014587,0.7465407848358154,0.7150731086730957,0.66788649559021,21,경기도 양평군 옥천면 남한강변길 274-1,A03,A0303,A03030100,0,0,0,0,경기도,양평군
22,22,노진낚시터,0.2782899439334869,0.4131240844726562,0.3921247720718384,0.4875889122486114,22,경기도 화성시 장안면 남양황라로 188-55,A03,A0303,A03030500,0,0,0,0,경기도,화성시
23,23,다이브라이프,0.5590848177671432,0.6971830248832702,0.6584883749485015,0.6331850409507751,23,서울특별시 서초구 반포대로20길 27,A03,A0303,A03030400,0,0,1,0,서울특별시,서초구
24,24,대동 낚시터,0.4782504469156265,0.5852924168109894,0.6105790317058564,0.6516429513692856,24,충청남도 아산시 음봉면 음봉로337번길 7-75,A03,A0303,A03030500,0,0,0,0,충청남도,아산시
25,25,대석낚시터,0.4230461631502424,0.5108644706862313,0.5212669244834355,0.551218718290329,25,경기도 양평군 강상면 강남로 1811,A03,A0303,A03030500,0,0,0,0,경기도,양평군
26,26,더 초리골,0.5512044817209244,0.6978883981704712,0.668530398607254,0.6232669532299042,26,경기도 파주시 법원읍 초리골길 284-16,A03,A0303,A03030700,1,0,1,1,경기도,파주시
27,27,더시크릿수상레저,0.3759306892752647,0.4782110452651977,0.4614982008934021,0.5129190236330032,27,경기도 남양주시 화도읍 경춘로 2630,A03,A0303,A03030100,0,0,0,0,경기도,남양주시
28,28,덕봉낚시터,0.5733800679445267,0.6042201280593872,0.626981109380722,0.6782291889190674,28,경기도 안성시 양성면 덕봉서원로 601-76,A03,A0303,A03030500,0,0,0,0,경기도,안성시
29,29,덕송지 수상 풍차 낚시터,0.5891500115394592,0.7531231045722961,0.6888710856437683,0.6477640271186829,29,충청남도 서산시 팔봉면 한재무두리1길 5-22,A03,A0303,A03030500,0,0,0,0,충청남도,서산시
30,30,도농한강공원물놀이장,0.6550395488739014,0.7202715277671814,0.685346245765686,0.6432026028633118,30,경기도 남양주시 다산동,A03,A0303,A03030700,0,0,1,0,경기도,남양주시
31,31,도시바다낚시터,0.3836792955795924,0.5324705143769582,0.5037264823913574,0.5249140709638596,31,경기도 고양시 덕양구 고골길116번길 14-67,A03,A0303,A03030600,0,0,0,0,경기도,고양시
32,32,독도 바다낚시터,0.3949940383434295,0.4904087275266647,0.4965471744537353,0.5503881305456162,32,경기도 안산시 단원구 대부북동 642-171,A03,A0303,A03030600,0,0,0,0,경기도,안산시
33,33,돌고래수상리조트,0.577618482708931,0.707428902387619,0.6758992612361908,0.6489682793617249,33,경기도 가평군 설악면 유명로 2418,A03,A0303,A03030100,0,0,0,0,경기도,가평군
34,34,동검레저바다낚시,0.5098679333925247,0.6417497128248215,0.6323063790798187,0.5992983698844909,34,인천광역시 강화군 길상면 동검길65번길 93-6,A03,A0303,A03030600,0,0,0,0,인천광역시,강화군
35,35,등대바다낚시터,0.3896463314692179,0.488233466943105,0.5070902307828268,0.6141982475916544,35,경기도 안산시 단원구 금당구지길 91,A03,A0303,A03030600,0,0,0,0,경기도,안산시
36,36,레인보우 서프,0.5427924871444703,0.7206671714782715,0.6760031938552856,0.6106542229652405,36,충청남도 태안군 소원면 만리포2길 182,A03,A0303,A03030100,1,1,1,1,충청남도,태안군
37,37,롱비치 서프스쿨,0.576287466287613,0.7124110400676728,0.6778271853923797,0.628822261095047,37,강원특별자치도 양양군 현남면 갯마을길 42-20,A03,A0303,A03030100,0,0,0,0,강원특별자치도,양양군
38,38,리버포인트 수상레저,0.5370389938354492,0.6959373772144317,0.6468272507190704,0.620471453666687,38,경기도 가평군 청평면 호반로 474,A03,A0303,A03030100,0,0,1,0,경기도,가평군
39,39,마정 낚시터 (마정지 낚시터),0.4314258926444583,0.5415993730227152,0.5441134803824954,0.6168686317072974,39,충청남도 천안시 서북구 직산읍 금곡로 176,A03,A0303,A03030500,0,0,0,0,충청남도,천안시
40,40,만정민트바다낚시터,0.3225752115249634,0.4103504930223737,0.4168768439974104,0.4942235308034079,40,인천광역시 중구 영종순환로 279-20,A03,A0303,A03030600,0,0,0,0,인천광역시,중구
41,41,만정바다좌대낚시터,0.3836792955795924,0.5324705143769582,0.5037264823913574,0.5249140709638596,41,인천광역시 중구 영종순환로 279-20,A03,A0303,A03030600,0,0,0,0,인천광역시,중구
42,42,만정사계절바다낚시터,0.4840205550193787,0.583244127035141,0.585557895898819,0.6233810424804688,42,인천광역시 중구 영종순환로 279-20,A03,A0303,A03030600,0,0,0,0,인천광역시,중구
43,43,말봉바다낚시터,0.5118787884712219,0.6425541460514068,0.6270557016134262,0.6136261940002441,43,경기도 안산시 단원구 부흥로 397,A03,A0303,A03030600,0,0,0,1,경기도,안산시
44,44,문서프,0.5625127732753754,0.7097078144550324,0.6647864937782287,0.606675672531128,44,제주특별자치도 제주시 애월읍 곽지7길 1,A03,A0303,A03030100,0,0,1,0,제주특별자치도,제주시
45,45,미란다 스파플러스,0.5756521105766297,0.7212463617324829,0.6827551484107971,0.6218423247337341,45,경기도 이천시 중리천로115번길 45,A03,A0303,A03030700,1,0,0,0,경기도,이천시
46,46,바하마수상레포츠,0.4958926737308502,0.6966764211654664,0.6212792217731475,0.5873768150806427,46,경기도 가평군 설악면 유명로 2526,A03,A0303,A03030100,0,0,0,0,경기도,가평군
47,47,배다골테마파크수영장,0.5592010468244553,0.7153024077415466,0.6931357026100159,0.6354869186878205,47,경기도 고양시 덕양구 배다골길 131 (화정동),A03,A0303,A03030700,0,0,1,1,경기도,고양시
48,48,보성비봉마리나,0.5525160564316643,0.6721314456727769,0.6619594891866049,0.6583441926373376,48,전라남도 보성군 득량면 공룡로 822-74,A03,A0303,A03030800,1,0,1,0,전라남도,보성군
49,49,봉재낚시터,0.403625613451004,0.5208063125610352,0.5146180510520935,0.5676759332418442,49,충청남도 아산시 둔포면 충무로 1258-32,A03,A0303,A03030500,0,0,0,0,충청남도,아산시
50,50,부산요트투어 3355마린,0.5727128863334656,0.7054088473320007,0.6741324067115784,0.6277593612670899,50,부산광역시 해운대구 해운대해변로 84,A03,A0303,A03030300,0,0,1,1,부산광역시,해운대구
51,51,북한산천연옥워터파크,0.5479324966669082,0.7092095971107483,0.6628443837165833,0.6044192612171173,51,경기도 고양시 덕양구 북한산로 591-37 (효자동),A03,A0303,A03030700,1,0,1,1,경기도,고양시
52,52,빠지에빠지다수상레저,0.5402261912822723,0.6994536638259887,0.6748559296131134,0.6306602001190186,52,강원특별자치도 춘천시 남산면 방하로 567,A03,A0303,A03030800,0,0,0,0,강원특별자치도,춘천시
53,53,삼막곡낚시터,0.6123591065406799,0.6384522318840027,0.7370211482048035,0.8674169182777405,53,경기도 용인시 기흥구 신정로301번길 59,A03,A0303,A03030500,0,0,0,0,경기도,용인시
54,54,삼인낚시터,0.4260305345058441,0.4966514229774475,0.5043665647506714,0.5206265985965729,54,경기도 용인시 처인구 남사읍 삼인로 150,A03,A0303,A03030500,0,0,0,0,경기도,용인시
55,55,상덕낚시터,0.5728692412376404,0.6415175100167593,0.6635339260101318,0.7255698144435883,55,경기도 용인시 처인구 이동읍 서리 816-2,A03,A0303,A03030500,0,0,0,0,경기도,용인시
56,56,상상낚시터,0.4503647446632385,0.5964459419250489,0.5608692467212677,0.5151995420455933,56,경상남도 거제시 일운면 지세포해안로 242,A03,A0303,A03030500,0,0,0,0,경상남도,거제시
57,57,서귀포홍리실내수영장,0.5776665091514588,0.6753262162208558,0.6858692824840545,0.6598834097385406,57,제주특별자치도 서귀포시 지장샘로182번길 149 (동홍동),A03,A0303,A03030700,1,0,0,1,제주특별자치도,서귀포시
58,58,서대문문화체육회관 실내수영장,0.5191815346479416,0.6196875751018525,0.6276049196720124,0.614155626296997,58,서울특별시 서대문구 백련사길 39,A03,A0303,A03030700,1,0,0,1,서울특별시,서대문구
59,59,서핑라이더 분당점,0.5421570360660553,0.7112454056739808,0.6630856037139893,0.6112000942230225,59,경기도 광주시 오포읍 능평로 116-21,A03,A0303,A03030100,1,0,0,1,경기도,광주시
60,60,선두바다낚시터,0.4320709377527237,0.5843342125415802,0.5509731650352478,0.5095540553331375,60,인천광역시 강화군 길상면 해안남로 673-15,A03,A0303,A03030600,0,0,0,0,인천광역시,강화군
61,61,선재바다낚시공원,0.5441481441259384,0.6466323256492614,0.6454254865646363,0.6380410522222519,61,인천광역시 옹진군 영흥면 선재로226번길 164,A03,A0303,A03030600,0,0,1,0,인천광역시,옹진군
62,62,섬진강 래프팅 투어,0.3323621749877929,0.3057225346565246,0.273792564868927,0.3422926664352417,62,전라남도 구례군 남도대교로 412,A03,A0303,A03030800,0,0,0,0,전라남도,구례군
63,63,세재골농원,0.4324455112218857,0.5077838063240051,0.5205443739891052,0.5686019480228424,63,충청남도 아산시 영인면 신봉리,A03,A0303,A03030700,0,0,0,0,충청남도,아산시
64,64,소래바다낚시터,0.406935003068712,0.5028663674990336,0.519694877995385,0.6137205759684244,64,인천광역시 남동구 소래로154번길 25-40,A03,A0303,A03030600,0,0,0,0,인천광역시,남동구
65,65,속초코마린요트공원,0.5806230306625366,0.713478970527649,0.6799477934837341,0.6388341009616851,65,강원특별자치도 속초시 엑스포로 10-29,A03,A0303,A03030300,0,0,0,1,강원특별자치도,속초시
66,66,솟골낚시터,0.2784162958463033,0.3389577269554138,0.336144616206487,0.400372306505839,66,경기도 남양주시 진건읍 사릉로 642-65,A03,A0303,A03030500,0,0,0,0,경기도,남양주시
67,67,수상레저V,0.5439922451972962,0.7031759738922119,0.6559827864170075,0.6122788071632386,67,강원특별자치도 춘천시 남산면 방하로 487,A03,A0303,A03030800,0,0,1,0,강원특별자치도,춘천시
68,68,스타바다좌대낚시터,0.488911971449852,0.5918412581086159,0.5700076594948769,0.5758564211428165,68,경기도 화성시 서신면 제부로 262,A03,A0303,A03030600,0,0,1,1,경기도,화성시
69,69,신석스포렉스수영장,0.5608658790588379,0.6681819707155228,0.6587281733751297,0.6111618757247925,69,서울특별시 마포구 대흥로 33 (신수동),A03,A0303,A03030700,1,0,0,1,서울특별시,마포구
70,70,신암낚시터,0.4662782371044159,0.5374844700098038,0.5750280678272247,0.6556991547346115,70,경기도 양주시 남면 감악산로514번길 365,A03,A0303,A03030500,0,0,0,0,경기도,양주시
71,71,신흥바다낚시공원,0.5490523934364319,0.6948969960212708,0.6636817693710327,0.5924423098564148,71,제주특별자치도 제주시 조천읍 조함해안로 247-2,A03,A0303,A03030600,0,0,0,1,제주특별자치도,제주시
72,72,쌍방죽낚시터,0.3722156167030334,0.4116665482521057,0.4218987107276916,0.4569111108779907,72,경기도 포천시 가산면 선마로 163-29,A03,A0303,A03030500,0,0,0,0,경기도,포천시
73,73,아리수수상레저,0.5602841973304749,0.7100825130939483,0.6569223403930664,0.6220699906349182,73,경기도 여주시 현암동 662,A03,A0303,A03030100,0,0,1,0,경기도,여주시
74,74,양주유수풀파크&바베큐장,0.5002224504947662,0.6083366870880127,0.6131761252880097,0.5893638670444489,74,경기도 양주시 삼숭동,A03,A0303,A03030700,0,0,1,1,경기도,양주시
75,75,양촌성구랜드,0.2782899439334869,0.4131240844726562,0.3921247720718384,0.4875889122486114,75,충청남도 논산시 양촌면 양촌리,A03,A0303,A03030700,0,0,0,0,충청남도,논산시
76,76,어심바다낚시터,0.4723680138587952,0.5405128180980683,0.5662538409233093,0.578373059630394,76,경기도 안산시 단원구 잘푸리길 107,A03,A0303,A03030600,0,0,1,0,경기도,안산시
77,77,에이알서프,0.5463533997535706,0.7019025683403015,0.6666929066181183,0.617636638879776,77,충청남도 태안군 소원면 만리포1길 108-16,A03,A0303,A03030100,0,0,0,0,충청남도,태안군
78,78,엠엘피서프(엠엘피서핑),0.519355508685112,0.7112026333808898,0.6506812632083893,0.6176918923854828,78,충청남도 태안군 소원면 만리포2길 172,A03,A0303,A03030100,0,0,0,0,충청남도,태안군
79,79,여수 아그리나 요트투어,0.5643971920013428,0.7031788945198059,0.6632575213909149,0.6135809063911438,79,전라남도 여수시 웅천남2로 12,A03,A0303,A03030300,1,0,1,1,전라남도,여수시
80,80,여주시 수상센터,0.5146913528442383,0.6859614849090576,0.6445789337158203,0.607264518737793,80,경기도 여주시 강변북로 163,A03,A0303,A03030200,0,0,0,0,경기도,여주시
81,81,역삼청소년수련관(실내수영장),0.4453245252370834,0.5257881581783295,0.5645729601383209,0.677502915263176,81,서울특별시 강남구 논현로64길 7,A03,A0303,A03030700,0,0,0,0,서울특별시,강남구
82,82,예당저수지(예당관광지),0.5471077412366867,0.6096283346414566,0.6284249946475029,0.6086717545986176,82,충청남도 예산군 응봉면 등촌리,A03,A0303,A03030500,1,0,1,0,충청남도,예산군
83,83,오동나무수상레저,0.4718773365020752,0.6257050633430481,0.5745604634284973,0.5450736284255981,83,경기도 남양주시 북한강로 1686-1 수상오동나무유원지,A03,A0303,A03030100,0,0,0,0,경기도,남양주시
84,84,오류내낚시터,0.753913402557373,0.6738619208335876,0.6864655017852783,0.7282716035842896,84,인천광역시 강화군 송해면 하도리 산157-3,A03,A0303,A03030500,0,0,0,0,인천광역시,강화군
85,85,오목 낚시터(신창 오목 낚시터),0.422555406888326,0.5074937542279562,0.5114458501338959,0.5517035921414694,85,충청남도 아산시 신창면 서부남로675번길 48,A03,A0303,A03030500,0,0,0,0,충청남도,아산시
86,86,오션브리즈요트,0.5878283262252808,0.7274102747440339,0.6961885571479798,0.6419270098209381,86,경상남도 통영시 산양읍 이운길 101,A03,A0303,A03030300,0,0,0,1,경상남도,통영시
87,87,오션차일드 발산센터,0.4349620968103408,0.5514293819665909,0.5497434109449386,0.5781629383563995,87,서울특별시 강서구 공항대로 290 (내발산동),A03,A0303,A03030700,0,0,1,0,서울특별시,강서구
88,88,오태지,0.6106241941452026,0.6757288575172424,0.6422111988067627,0.5990921854972839,88,경상북도 상주시 공검면 오태지동길,A03,A0303,A03030500,0,0,0,1,경상북도,상주시
89,89,왕산요트경기장,0.3079553714820316,0.3957239730017526,0.3587467883314405,0.4234835760934012,89,인천광역시 중구 왕산마리나길 143,A03,A0303,A03030300,0,0,0,0,인천광역시,중구
90,90,용담바다낚시터,0.4595478743314743,0.5597299546003341,0.5640985935926437,0.6230124861001969,90,인천광역시 옹진군 영흥면 외리 21,A03,A0303,A03030600,1,0,1,0,인천광역시,옹진군
91,91,용인수상스키장,0.4123969733715057,0.4764925897121429,0.5022341430187225,0.4969811141490936,91,경기도 용인시 처인구 이동읍 어진로 765,A03,A0303,A03030100,0,0,0,0,경기도,용인시
92,92,우금낚시공원,0.4062824887888772,0.514282056263515,0.5187109793935504,0.5917137307780129,92,경기도 포천시 가산면 우금6길 43-44,A03,A0303,A03030500,0,0,0,0,경기도,포천시
93,93,울산중구도시관리공단수영장,0.6192046523094177,0.7115619122982025,0.7370723068714142,0.7074537873268127,93,울산광역시 중구 종가로 305 (우정동),A03,A0303,A03030700,1,0,0,1,울산광역시,중구
94,94,위도바다낚시,0.4210507273674011,0.3823840022087097,0.4061354398727417,0.4475248157978058,94,전북특별자치도 부안군 위도면 진리안길,A03,A0303,A03030600,0,0,0,0,전북특별자치도,부안군
95,95,유성호텔 실내수영장,0.2827215492725372,0.3422369956970215,0.3133817315101623,0.3960307240486145,95,대전광역시 유성구 온천로 9,A03,A0303,A03030700,0,0,0,0,대전광역시,유성구
96,96,음성용대리낚시터(용대리가든낚시터),0.6052633970975876,0.6913633048534393,0.6666862219572067,0.7004374563694,96,충청북도 음성군 삼성면 덕호로 360,A03,A0303,A03030500,0,1,0,0,충청북도,음성군
97,97,인산낚시터,0.5393306076526642,0.6624249815940857,0.6456711232662201,0.6343776106834411,97,인천광역시 강화군 양도면 중앙로787번길 8-1,A03,A0303,A03030500,0,0,0,0,인천광역시,강화군
98,98,인천락실내바다낚시터,0.5582237988710403,0.6724848568439483,0.6482460737228394,0.612024673819542,98,인천광역시 서구 한서로 36-10,A03,A0303,A03030600,1,0,1,0,인천광역시,서구
99,99,일영한씨네,0.568112713098526,0.7128717541694641,0.683551961183548,0.6325431048870087,99,경기도 양주시 장흥면 삼상리,A03,A0303,A03030700,0,0,1,0,경기도,양주시
100,100,장광낚시터,0.5878545939922333,0.6817663013935089,0.6971253156661987,0.7265712022781372,100,경기도 안성시 죽산면 관앞길 103-6,A03,A0303,A03030500,0,0,0,0,경기도,안성시
101,101,장수논개수상레저,0.4802100092172622,0.6236898720264434,0.5987973749637604,0.5869247436523437,101,전북특별자치도 장수군 장계면 의암로 632-77,A03,A0303,A03030100,1,0,0,0,전북특별자치도,장수군
102,102,장호어촌체험마을 투명카누,0.5422262042760849,0.6992494642734528,0.6745407283306122,0.6106313645839692,102,강원특별자치도 삼척시 근덕면 장호항길 111,A03,A0303,A03030200,1,0,1,0,강원특별자치도,삼척시
103,103,정성레저낚시터,0.480996024608612,0.5927347958087921,0.5935193657875061,0.6408259898424149,103,인천광역시 중구 백운로186번길 140-1,A03,A0303,A03030600,0,0,0,0,인천광역시,중구
104,104,조부장 바다낚시터,0.430127403140068,0.5892602622509002,0.5617056429386139,0.5634567230939865,104,경기도 안산시 단원구 구봉길 55,A03,A0303,A03030600,0,0,0,0,경기도,안산시
105,105,주봉낚시터,0.3456520438194275,0.3685443043708801,0.3710218906402588,0.3805851519107818,105,충청북도 음성군 원남면 주봉로 141,A03,A0303,A03030500,0,0,0,0,충청북도,음성군
106,106,주전항,0.3302335441112518,0.3720973134040832,0.3758286535739898,0.3339681029319763,106,울산광역시 동구 주전해안길 86,A03,A0303,A03030600,0,0,0,0,울산광역시,동구
107,107,차귀도요트,0.5703043758869171,0.7104723155498505,0.6750152170658111,0.6016005575656891,107,제주특별자치도 제주시 한경면 한경해안로 156,A03,A0303,A03030300,0,0,1,1,제주특별자치도,제주시
108,108,청아투명카약,0.5576787859201431,0.7120888888835907,0.6650228798389435,0.6207946240901947,108,제주특별자치도 제주시 애월읍 애월로 11,A03,A0303,A03030200,1,0,1,0,제주특별자치도,제주시
109,109,충주 포세이돈 수상레저(포세이돈수상스키장),0.5270871341228485,0.6599649667739869,0.6439782917499542,0.6219053089618682,109,충청북도 충주시 살미면 월악로 1087,A03,A0303,A03030100,1,0,1,1,충청북도,충주시
110,110,칠봉산 낚시터,0.5757269620895386,0.6265003979206085,0.6350696921348572,0.6458133429288864,110,경기도 양주시 천보산로 201,A03,A0303,A03030500,0,0,1,0,경기도,양주시
111,111,키즈돌핀 서대문DMC점,0.5325370818376541,0.6285546362400055,0.6207284599542617,0.5963963299989701,111,"서울특별시 서대문구 수색로 102 (북가좌동, DMC요진아파트)",A03,A0303,A03030700,1,0,1,1,서울특별시,서대문구
112,112,키튼드림센터,0.4844319820404053,0.5449823141098022,0.5597020864486695,0.5955333143472672,112,경상남도 진주시 서장대로61번길 11,A03,A0303,A03030700,1,0,0,1,경상남도,진주시
113,113,킹카누 나루터,0.5619556576013565,0.7137377440929413,0.6758245944976806,0.6134595751762391,113,강원특별자치도 춘천시 송암동,A03,A0303,A03030200,0,0,1,0,강원특별자치도,춘천시
114,114,탄천종합운동장 수영장,0.5277009725570678,0.5718481659889221,0.5977146446704864,0.5861111640930176,114,경기도 성남시 분당구 야탑동,A03,A0303,A03030700,1,0,0,1,경기도,성남시
115,115,탑코리아수상레저,0.4976050754388173,0.6409421761830648,0.6090982556343079,0.5728057424227396,115,경기도 가평군 설악면 미사리로645번길 258,A03,A0303,A03030100,0,0,0,0,경기도,가평군
116,116,태용래프팅,0.735641360282898,0.5133540630340576,0.6009807586669922,0.6326317191123962,116,강원특별자치도 영월군 영월읍 동강로 871-18,A03,A0303,A03030800,0,0,0,0,강원특별자치도,영월군
117,117,포세이돈마린레저,0.5553213119506836,0.6957634150981903,0.6652401924133301,0.6248423635959626,117,경상남도 남해군 삼동면 동부대로942번길 8-6,A03,A0303,A03030100,0,0,1,0,경상남도,남해군
118,118,플로우하우스 용인,0.5473852753639221,0.6876043915748596,0.65497185587883,0.6092870950698852,118,경기도 용인시 기흥구 신고매로 124,A03,A0303,A03030100,0,1,1,0,경기도,용인시
119,119,핀스파크지천점,0.5656152456998825,0.6988512694835662,0.6685889899730683,0.6280683934688568,119,경상북도 칠곡군 지천면 지천로 393,A03,A0303,A03030100,0,0,1,0,경상북도,칠곡군
120,120,하늘바다낚시터,0.5603099644184113,0.6420338332653046,0.6395816802978516,0.60494284927845,120,경기도 안산시 단원구 작은상재미길 99,A03,A0303,A03030600,0,0,1,0,경기도,안산시
121,121,학생문화센터 수영장,0.5453917920589447,0.6467328011989594,0.6309314787387847,0.58158740401268,121,대구광역시 달서구 용산로 181,A03,A0303,A03030700,1,0,0,1,대구광역시,달서구
122,122,한강세븐수상레저,0.38829992339015,0.4962460994720459,0.4904275238513946,0.5602210313081741,122,서울특별시 용산구 양녕로 496,A03,A0303,A03030100,0,0,0,0,서울특별시,용산구
123,123,한강시민공원삼패지구물놀이장,0.5392512738704681,0.6278405904769897,0.6582526326179504,0.6873914778232575,123,경기도 남양주시 삼패동,A03,A0303,A03030700,0,0,0,0,경기도,남양주시
124,124,함동수상레저타운,0.5286616086959839,0.7070802271366119,0.66510568857193,0.6073149025440217,124,전라남도 장성군 삼계면 영장로 1758,A03,A0303,A03030100,0,0,1,0,전라남도,장성군
125,125,함평엑스포공원 물놀이장,0.605874416232109,0.715492433309555,0.7173694193363189,0.6697236061096191,125,전라남도 함평군 함평읍 곤재로 27,A03,A0303,A03030700,0,0,1,0,전라남도,함평군
126,126,현대요트 서울지점,0.5476463526487351,0.7091863989830017,0.6622354507446289,0.6219348609447479,126,서울특별시 서초구 동작대로 350 (반포동),A03,A0303,A03030300,0,0,1,0,서울특별시,서초구
127,127,현대요트 인천,0.5729473263025284,0.7287001430988311,0.6924652814865112,0.646354591846466,127,인천광역시 중구 을왕동,A03,A0303,A03030300,1,0,1,0,인천광역시,중구
128,128,홍양저수지(빼뽀저수지),0.5634434968233109,0.6709339916706085,0.6361982703208924,0.6275795578956604,128,충청남도 홍성군 금마면 월암리 일대,A03,A0303,A03030500,0,0,0,0,충청남도,홍성군
129,129,화도낚시공원,0.4913465321063995,0.5391543209552765,0.576727420091629,0.6133102118968964,129,경기도 남양주시 화도읍 경춘로2414번길 50-14,A03,A0303,A03030500,0,0,0,0,경기도,남양주시
130,130,화성해양아카데미연구회,0.6123591065406799,0.6384522318840027,0.7370211482048035,0.8674169182777405,130,경기도 화성시 서신면 전곡항로 5,A03,A0303,A03030800,0,0,0,0,경기도,화성시
131,131,히든밸리송추,0.551545986533165,0.7076480388641357,0.6618249535560607,0.6144935131072998,131,경기도 양주시 장흥면 교현리,A03,A0303,A03030700,1,0,1,1,경기도,양주시
132,132,히트 실내 바다낚시터,0.5061130151152611,0.6545665949583054,0.6351361244916915,0.6136869311332702,132,경기도 김포시 양촌읍 황금로24번길 91-15,A03,A0303,A03030600,0,0,0,0,경기도,김포시
